,psych_safety,knowledge_sharing,innovative_behavior
psych_safety,1.0,1.2351507089809488e-49,1.921282172642907e-10
knowledge_sharing,1.2351507089809488e-49,1.0,5.2397060739310035e-47
innovative_behavior,1.921282172642907e-10,5.2397060739310035e-47,1.0
